,0.0,0.5,1.0,1.5,2.0,2.5,3.0,3.5,4.0,4.5,5.0,5.5,6.0,6.5,7.0,7.5,8.0,8.5,9.0,9.5,10.0
10.0,0.11615595204763626,0.1294152239991085,0.15948158113125888,0.177646129240277,0.1852802547379424,0.19752497904033184,0.1968348741904109,0.21217943822670385,0.2180561310939578,0.22284110549639993,0.22626326172472264,0.2240479558483207,0.21809980276634192,0.22377767123483927,0.21003592098853005,0.21506740324809756,0.2058212990737311,0.20711927756665852,0.2071719633079929,0.20017428689468172,0.1969595820233019
9.5,0.10134977201824279,0.1259678112535311,0.1500564335131301,0.1616076059580915,0.18062545380346232,0.1958297256022697,0.19179917169591712,0.2036419111896397,0.2076746860258961,0.20836313797972958,0.21086972811928015,0.20709688716715413,0.21148834493066332,0.2096301549754367,0.20835976377103915,0.2040302119173918,0.199409302709112,0.20317206629328516,0.18844647576264192,0.19839734765329178,0.1921883480576197
9.0,0.1057756158544984,0.13141035673598825,0.14163333200932318,0.1620879608296097,0.16247752040000743,0.18410845890870375,0.18882192388714383,0.1916121798005263,0.1981421492022558,0.20434388326251524,0.2016239777897443,0.1998251351381359,0.201312349540709,0.20376833665607924,0.19730435891067338,0.19688810671417337,0.19496816390438132,0.19006872655893878,0.18494700120541296,0.19118523013093294,0.1807152088256605
8.5,0.10301996645344612,0.11463391171109664,0.13684074404488708,0.1444866402258285,0.1637880037616715,0.16792048699539056,0.18240652416057204,0.18438216932889834,0.1873432278055986,0.19019607951854536,0.19455475384579443,0.18990857028106015,0.1893391059064998,0.19603813352778973,0.19033960170604128,0.1896506178689299,0.18661621555886868,0.18125731856989188,0.17540383400021672,0.17806559535640365,0.17117224495863423
8.0,0.0928593301112068,0.110548461349775,0.129966003887214,0.14113917258372816,0.1562821529060651,0.15680255444234964,0.17047709121214932,0.18340945756482294,0.18645040449418931,0.17967784756826952,0.1876918930652002,0.18567898534524274,0.18260000059285572,0.1868449188097895,0.1802172959856687,0.18615685037421578,0.17932945803343622,0.16491249758139429,0.17295157046995846,0.16966748266297207,0.16796333970100988
7.5,0.08109049041044597,0.10447746134376967,0.1210280491462056,0.13711672416805468,0.14728707126857427,0.15230914804913512,0.15893011999501416,0.16456107758452565,0.16217581977214113,0.17735061830176937,0.17697302720897856,0.17840305398470985,0.1791255232681622,0.17663557362626428,0.17277011391367922,0.17080702632265504,0.1686576690393545,0.16381042829538134,0.16618886545096143,0.15650028038944772,0.15602329069422205
7.0,0.08278153541516847,0.09608225830460294,0.11936138549840174,0.13139870099706466,0.14093617292648145,0.14680242463589888,0.15659539634009131,0.15517314671269364,0.16461794260921142,0.16697062547082497,0.16817462705913075,0.16744651390510676,0.1669717278429465,0.1708538631995072,0.1625000029786806,0.16390445352207533,0.16125009281274824,0.15774066533331052,0.15049202153035388,0.14877973894742336,0.14961204358459956
6.5,0.07474681319425218,0.09531519190558391,0.1145749215721337,0.11357521856428264,0.12766410313685533,0.13744068629904974,0.14675452635324476,0.14788403172822057,0.15562642977478108,0.15528202286468976,0.15688135723045915,0.15091262941824415,0.15544502409087396,0.15485251439737713,0.15379564576980675,0.15220943164511935,0.15160439085748587,0.14581287754222874,0.14485417163865463,0.13956468526553048,0.13519704284223255
6.0,0.07279285602368388,0.08935977065361171,0.09852049674449152,0.10999381309444654,0.11857284757986333,0.13804664478708245,0.13944878103956615,0.13896990915357765,0.14199583422451156,0.14248248099206315,0.14773960398665917,0.14802593954118962,0.14854006609516698,0.14451448818197754,0.14502494120867165,0.14351052623269162,0.14067539576695037,0.1358824486333876,0.13282244804217452,0.13181359025313577,0.12979412806423213
5.5,0.06846761585408799,0.07850892397634518,0.0887888159217052,0.10592509279979412,0.11766870222825039,0.12142307402671396,0.12096633386692829,0.13378184326344444,0.128093131165161,0.1394420208749494,0.1287571896276851,0.13684209203648096,0.1351108522216222,0.13793114650825408,0.13269921067190016,0.1346830349742961,0.13115754197300228,0.1288993942833044,0.1292393441211326,0.12100879818343178,0.12009876208986615
5.0,0.05847315992084347,0.08107795813644664,0.08616389780092625,0.09680852666981211,0.1052669638153237,0.10421718539906404,0.11537527467610072,0.1239462308474801,0.12281813564949945,0.12658195993249477,0.12428863884853308,0.12309891942123137,0.1270193704571756,0.12804725967462963,0.12516058026121257,0.12117775894675922,0.1244765888646151,0.11778749611313417,0.11494236704087227,0.11181051529711153,0.11393061035980843
4.5,0.060713398239667225,0.0662826096145805,0.08156278141486295,0.09092671607638703,0.09485356975098895,0.10437723726491169,0.11176837369790275,0.11035959557519641,0.11494023438495865,0.1121467709506797,0.1193462329771186,0.11763461360910901,0.1163619279662394,0.12197235387818621,0.11323524469086645,0.11364082070590178,0.10717246752443288,0.10937833555846777,0.10759574129636812,0.09405701240679408,0.10546208806302643
4.0,0.05423121791694796,0.06100236993223632,0.07983763420562381,0.08739072728422288,0.08655123522292227,0.09331141574708793,0.10090434256241868,0.101275274309366,0.10183685152177721,0.10304396068373264,0.11106574103124214,0.1142388486500177,0.10779069737039708,0.10955628237398099,0.10752927984497809,0.10133786273789419,0.10585778159391974,0.10501078180653137,0.09382072581993486,0.09741158200386164,0.09247236199556438
3.5,0.05085626048415431,0.060377460129014654,0.06676804383028656,0.07701515253446792,0.07793033701069578,0.0851586158935728,0.09027299517423605,0.09253094924158026,0.09423922239188771,0.09643788348667563,0.09872389190618361,0.09779426749793409,0.09651398805675913,0.09651222742141194,0.0946574550859563,0.08927509499946805,0.09014099634987016,0.08978132095483242,0.08424718707904011,0.08801429267395887,0.07890077612585514
3.0,0.04233898431001915,0.05713620282573643,0.06308688650857809,0.06555170279610335,0.0712459151437001,0.08154672242702937,0.07434292982450705,0.08189999371975419,0.08460437760331693,0.0924091777053358,0.08434626350591141,0.0865073508859592,0.08640902572616017,0.08604210841597822,0.08680787940552992,0.0879916318090828,0.08196894401239145,0.07834563774698075,0.07341021109576719,0.07677786444052949,0.07493205590971351
2.5,0.04011713163224029,0.05259133579410454,0.05168296586805878,0.06295126168408949,0.06450247751506578,0.06839866434655797,0.07139132894224219,0.0752985692625231,0.07442290253301931,0.07436965563372491,0.08097319615754958,0.0776461433817263,0.07174964711582416,0.07905778646679992,0.0714454161322999,0.07212029148777903,0.07381754237199335,0.07335412332938943,0.065700785017961,0.059815715191136216,0.05974609746662004
2.0,0.04178327363808949,0.04562724327611167,0.04946272086462746,0.0532932053344356,0.056990967618390335,0.06037253771219825,0.06323529283103155,0.0660855174944151,0.06508732648754616,0.06430847186753356,0.06836713822795247,0.06742870739069005,0.07392158247609625,0.0715144054664227,0.07079623776881017,0.06567325986430254,0.06048510447556553,0.06174072632270138,0.06154202976469277,0.05539342918629158,0.05078527932413764
1.5,0.0370537465336779,0.03880835020229243,0.04824361263322331,0.045489711236022835,0.05008811194285334,0.04918667956078716,0.04955605939721831,0.05556471967313361,0.05826997260084273,0.054958742741586936,0.06487195938925473,0.058067179477954096,0.05489262110000214,0.05192226755552436,0.05701133476197295,0.052909786379201795,0.05376969826656321,0.05220279580249865,0.04552321375210758,0.044965351809718175,0.04597693243081951
1.0,0.03308878266130476,0.03135844040188202,0.04004458740800632,0.03622350380824268,0.04399475310443501,0.04840015635159865,0.04519152686412905,0.05164595733514099,0.046643148536299965,0.04445852859518161,0.04962673248842283,0.053124957015089506,0.04955793105283918,0.04613988601195309,0.04938281340416019,0.049242034550291955,0.046016689280043814,0.040471641276362554,0.04186209220413298,0.03986375179338648,0.03567935260123455
0.5,0.02395883462753515,0.02724021531783506,0.032719771142612965,0.03153110991148062,0.03331838242003919,0.0370808320737623,0.03902545220139443,0.03972143388190668,0.034993040823481064,0.039963098730467585,0.03899567359680179,0.03751707672500715,0.04000069629054034,0.03347878891229181,0.039807628230874616,0.036133448874876115,0.0382581885562557,0.033356383465953286,0.028412549749472098,0.036126099339554636,0.030468643329752052
0.0,0.024035098902471408,0.023996913598592868,0.026195422574189695,0.02738346007399121,0.02803687701224059,0.030176314220991485,0.028420717366270422,0.03305024778281646,0.034863299320549046,0.03391093379985235,0.032535380634766096,0.030139361569588276,0.03354726779011333,0.0315955187902253,0.03200006956774182,0.032166936651932404,0.02847986807231226,0.02739348294775483,0.02775760736434292,0.02205517068603008,0.02259809341663491
